INSERT INTO Branches(br_id, city, location, no_tables, is_open)
VALUES (00001, 'London', 'Islington Green', 15, 'true'),
	   (00002, 'London', 'Edmonton Green', 20, 'true'),
	   (00003, 'London', 'Tower Hamlets', 10, 'true'),
	   (00004, 'London', 'Croydon', 18, 'true'),
	   (00005, 'London', 'Leicester Square', 17, 'true'),
	   (00006, 'London', 'Oxford Street', 10, 'true'),
	   (00007, 'London', 'Hackney', 22, 'true'),
	   (00008, 'London', 'Kensington', 12, 'true'),
	   (00009, 'London', 'Finsbury Park', 9, 'true'),
	   (00010, 'London', 'Hyde Park', 17, 'true'),
	   (00011, 'Manchester', 'Whitefield', 12, 'true'),
	   (00012, 'Manchester', 'Heywood', 25, 'true'),
	   (00013, 'Manchester', 'Bowdon', 16, 'true'),
	   (00014, 'Manchester', 'Hazel Grove', 17, 'true'),
	   (00015, 'Manchester', 'Stretford', 20, 'true'),
	   (00016, 'Birmingham', 'Selly Oak', 15, 'true'),
	   (00017, 'Birmingham', 'Kingstanding', 14, 'true'),
	   (00018, 'Birmingham', 'Alum Rock', 17, 'true'),
	   (00019, 'Birmingham', 'Ladywood', 14, 'true'),
	   (00020, 'Birmingham', 'Allens Cross', 13, 'true'),
	   (00021, 'Edinburgh', 'Calton Hill', 18, 'true'),
	   (00022, 'Edinburgh', 'East Craigs', 21, 'true'),
	   (00023, 'Edinburgh', 'Abbey Hill', 20, 'true'),
	   (00024, 'Glasgow', 'Craigton', 15, 'true'),
	   (00025, 'Glasgow', 'Blackhill', 20, 'true');

INSERT INTO Tables(table_number, available)
VALUES (1, 'true'),
	   (2, 'true'),
	   (3, 'true'),
	   (4, 'true'),
	   (5, 'true'),
	   (6, 'true'),
	   (7, 'true'),
	   (8, 'true'),
	   (9, 'true'),
	   (10, 'true'),
	   (11, 'true'),
	   (12, 'true'),
	   (13, 'true'),
	   (14, 'true'),
	   (15, 'true'),
	   (16, 'true'),
	   (17, 'true'),
	   (18, 'true'),
	   (19, 'true'),
	   (20, 'true'),
	   (21, 'true'),
	   (22, 'true'),
	   (23, 'true'),
	   (24, 'true'),
	   (25, 'true'); 

INSERT INTO Menu(menu_no, dish, dish_type, calories, diet_pref, allergies, availability, dish_price)
VALUES (1, 'Beef Taco', 'tacos', 383, 'Normal', 'soy, milk, wheat', 12, 7.50),
	   (2, 'Chicken Taco', 'tacos', 323, 'Normal', 'soy, milk, wheat', 18, 5.00),
	   (3, 'Pork Taco', 'tacos', 395, 'Normal', 'soy, milk, wheat', 15, 6.00),
	   (4, 'Vegetarian Taco', 'tacos', 303, 'Vegetarian', 'soy, milk, wheat', 20, 4.50),
	   (5, 'Vegan Taco', 'tacos', 297, 'Vegan, Vegetarian', 'soy, wheat', 12, 5.50),
	   (6, 'Junior Taco', 'tacos', 250, 'Normal', 'soy, milk, wheat', 25, 4.00),
	   (7, 'Beef Burrito', 'burritos', 423, 'Normal', 'soy, milk, wheat', 12, 10.50),
	   (8, 'Chicken Burrito', 'burritos', 401, 'Normal', 'soy, milk, wheat', 18, 9.50),
	   (9, 'Vegetarian Burrito', 'burritos', 377, 'Vegetarian', 'soy, milk, wheat', 22, 8.00),
	   (10, 'Vegan Burrito', 'burritos', 364, 'Vegan, Vegetarian', 'soy, wheat', 17, 8.50),
	   (11, 'Fries', 'sides', 186, 'Normal, Vegan, Vegetarian', 'soy', 27, 2.50),
	   (12, 'Nachos', 'sides', 221, 'Normal, Vegetarian', 'soy, milk, wheat', 23, 3.50),
	   (13, 'Rice', 'sides', 250, 'Normal, Vegetarian, Vegan', 'soy', 22, 3.75),
	   (14, 'Potato Wedges', 'sides', 285, 'Normal, Vegetarian, Vegan', 'soy', 19, 2.80),
	   (15, 'Sweet Potato Fries', 'sides', 142, 'Normal, Vegetarian, Vegan', 'soy', 29, 2.90),
	   (16, 'Churro', 'deserts', 332, 'Normal, Vegetarian', 'soy, eggs, milk, wheat', 27, 4.10),
	   (17, 'Vegan Churro', 'deserts', 310, 'Normal, Vegetarian, Vegan', 'soy, wheat', 15, 4.30),
	   (18, 'Chocolate Brownie', 'deserts', 400, 'Normal, Vegetarian', 'soy, milk', 14, 5.00),
	   (19, 'Coke', 'drinks', 65, 'Normal, Vegetarian, Vegan', 'None', 35, 1.20),
	   (20, 'Sprite', 'drinks', 55, 'Normal, Vegetarian, Vegan', 'None', 32, 1.20),
	   (21, 'Fanta', 'drinks', 75, 'Normal, Vegetarian, Vegan', 'None', 36, 1.20),
	   (22, 'Pepsi', 'drinks', 67, 'Normal, Vegetarian, Vegan', 'None', 35, 1.20),
	   (23, 'Corona', 'drinks', 123, 'Normal, Vegetarian, Vegan', 'None', 22, 3.00),
	   (24, 'San Miguel', 'drinks', 135, 'Normal, Vegetarian, Vegan', 'None', 21, 3.00),
	   (25, 'Margarita', 'drinks', 140, 'Normal, Vegetarian, Vegan', 'None', 13, 5.20);
	   
INSERT INTO Employee(employee_id, br_id, password, position)
VALUES (001, 00001, 'password123', 'Waiter'),
	   (002, 00001, '123password', 'Kitchen Staff'),
	   (003, 00001, 'pass123word', 'Manager'),
	   (004, 00002, 'iahriadi', 'Waiter'),
	   (005, 00002, 'phd2123', 'Kitchen Staff'),
	   (006, 00002, 'pjdh832h', 'Manager'),
	   (007, 00003, 'h18eyh1h', 'Waiter'),
	   (008, 00003, '9dashjdiasj9', 'Kitchen Staff'),
	   (009, 00003, 'hjdiahd3', 'Manager'),
	   (010, 00004, 'pad1kd1', 'Waiter'),
	   (011, 00004, 'dadakd3word', 'Kitchen Staff'),
	   (012, 00004, 'pdasdas', 'Manager'),
	   (013, 00005, 'pqmdqdq', 'Waiter'),
	   (014, 00005, 'fgkosada', 'Kitchen Staff'),
	   (015, 00005, 'tg22wqfa', 'Manager'),
	   (016, 00006, 'afassfax', 'Waiter'),
	   (017, 00006, 'f43ysfsaf', 'Kitchen Staff'),
	   (018, 00006, 'adascatgh', 'Manager'),
	   (019, 00007, 'xaghe3432a', 'Waiter'),
	   (020, 00007, 'hgert43t34t', 'Kitchen Staff'),
	   (021, 00007, 'afgsyh654jk', 'Manager'),
	   (022, 00008, 'xafar2q11', 'Waiter'),
	   (023, 00008, 'y4y221dfd', 'Kitchen Staff'),
	   (024, 00008, 'adgre43g4', 'Manager'),
	   (025, 00009, 'adayhjh45h', 'Waiter'),
	   (026, 00009, 'aghj54g3', 'Kitchen Staff'),
	   (027, 00009, '252sdfsfs', 'Manager'),
	   (028, 00010, 'xafsfafdax', 'Waiter'),
	   (029, 00010, 'pf23tr22f', 'Kitchen Staff'),
	   (030, 00010, 'axcag4grd', 'Manager'),
	   (031, 00011, 'addasc2rd', 'Waiter'),
	   (032, 00011, '52daadrd', 'Kitchen Staff'),
	   (033, 00011, 'psdadyt23d', 'Manager'),
	   (034, 00012, 'xgdf1dord', 'Waiter'),
	   (035, 00012, 'adadasaxd', 'Kitchen Staff'),
	   (036, 00012, 'pdadasadsdord', 'Manager'),
	   (037, 00013, 'adadxaxord', 'Waiter'),
	   (038, 00013, 'f2d2dord', 'Kitchen Staff'),
	   (039, 00013, 'zadd2dord', 'Manager'),
	   (040, 00014, 'afafaxxad', 'Waiter'),
	   (041, 00014, 'xar3rrd', 'Kitchen Staff'),
	   (042, 00014, 'xaxaxaxad', 'Manager'),
	   (043, 00015, 'adaxa3rdd', 'Waiter'),
	   (044, 00015, 'ssssssss', 'Kitchen Staff'),
	   (045, 00015, 'xaxegtg', 'Manager'),
	   (046, 00016, '32sd22zx', 'Waiter'),
	   (047, 00016, 'dasdadasx', 'Kitchen Staff'),
	   (048, 00016, 'dsad3qda', 'Manager'),
	   (049, 00017, 'hrdfvv', 'Waiter'),
	   (050, 00017, 'bb54b4b4', 'Kitchen Staff'),
	   (051, 00017, 'k7ukfgfh', 'Manager'),
	   (052, 00018, 'svv544v3', 'Waiter'),
	   (053, 00018, 'bvg5gvdv', 'Kitchen Staff'),
	   (054, 00018, '4ggfdvdv', 'Manager'),
	   (055, 00019, 'dvdv5y5dfgd', 'Waiter'),
	   (056, 00019, 'jjjjjffhfhf', 'Kitchen Staff'),
	   (057, 00019, 'ajajajajajajj4', 'Manager'),
	   (058, 00020, 'lolololoadad', 'Waiter'),
	   (059, 00020, 'xdaxaffghef', 'Kitchen Staff'),
	   (060, 00020, '242d2d5', 'Manager'),
	   (061, 00021, '13214141', 'Waiter'),
	   (062, 00021, 'xaxaf32r2f2', 'Kitchen Staff'),
	   (063, 00021, '12345678', 'Manager'),
	   (064, 00022, 'axxasdwq', 'Waiter'),
	   (065, 00022, 'adadwdqdqx', 'Kitchen Staff'),
	   (066, 00022, 'jnhdiqdhqufqf', 'Manager'),
	   (067, 00023, 'huiqd7q8dh', 'Waiter'),
	   (068, 00023, 'budayd8ada', 'Kitchen Staff'),
	   (069, 00023, 'adadada0', 'Manager'),
	   (070, 00024, 'pgfdfsgdfoijd', 'Waiter'),
	   (071, 00024, 'p131e1dda', 'Kitchen Staff'),
	   (072, 00024, 'hbudaghda', 'Manager'),
	   (073, 00025, 'duhafsf', 'Waiter'),
	   (074, 00025, 'dbhad8uyhg', 'Kitchen Staff'),
	   (075, 00025, 'paxxxxxx', 'Manager');

INSERT INTO number_tracker(track_for, current_value)
VALUES ('order', 0),
       ('basket', 0),
	   ('queue', 0),
	   ('sale', 0),
	   ('empid', 75);